Algorithm,ARI Score,Duration,Sample size,Root0,Root1,Root2
K-Means,0.5012353304508956,0.24846291542053223,57,GO:0051128,GO:0061024,GO:0006796
Agglomerative,0.44142694156955425,0.012593984603881836,57,GO:0051128,GO:0061024,GO:0006796
DBSCAN,0.0,0.07334303855895996,57,GO:0051128,GO:0061024,GO:0006796
HDBSCAN,0.33692990639271836,0.02694392204284668,57,GO:0051128,GO:0061024,GO:0006796
K-Means,0.4657151576328083,0.1164999008178711,65,GO:0051128,GO:0061024,GO:0008104
Agglomerative,0.3896124632193609,0.007284879684448242,65,GO:0051128,GO:0061024,GO:0008104
DBSCAN,0.0,0.03064894676208496,65,GO:0051128,GO:0061024,GO:0008104
HDBSCAN,0.2578047784088663,0.01699209213256836,65,GO:0051128,GO:0061024,GO:0008104
